Metrik,Nilai
RMSE,1.619402
MAE,0.900012
SMAPE,114.548793
