Metric,Value
RMSE,1625622.5071922224
MAPE,1587054.2127836384
